[
  {
    "_id": "66f32f3a5f0a4c1a8e2a9c01",
    "monday-afternoon": {
      "items": [
        { "itemId": "db63c0177cfae45a8385313a", "itemDisplayName": "Apple Fuji", "averageDemandQuantityKg": 51.56 },
        { "itemId": "6873f67b8027abff0fdb32f3", "itemDisplayName": "Banana Cavendish", "averageDemandQuantityKg": 40.07 },
        { "itemId": "bb87115ed0ab8a728b7d9622", "itemDisplayName": "Orange Navel", "averageDemandQuantityKg": 45.53 },
        { "itemId": "497bb3e65bf348533160cec0", "itemDisplayName": "Grapes Red Globe", "averageDemandQuantityKg": 64.25 },
        { "itemId": "30eb71d9a20cb517be34112f", "itemDisplayName": "Strawberry Albion", "averageDemandQuantityKg": 47.53 },
        { "itemId": "ad126949daa1c7dd61ffcc4c", "itemDisplayName": "Tomato Cherry", "averageDemandQuantityKg": 63.91 },
        { "itemId": "39bd70c4db17647c60d33c8f", "itemDisplayName": "Lettuce Romaine", "averageDemandQuantityKg": 37.14 },
        { "itemId": "fa56428339a4f47db7d15600", "itemDisplayName": "Cucumber Persian", "averageDemandQuantityKg": 39.61 },
        { "itemId": "885df3d97431436c3a205ff3", "itemDisplayName": "Carrot Nantes", "averageDemandQuantityKg": 63.68 },
        { "itemId": "f68140ef8273c40bbae48b98", "itemDisplayName": "Spinach Baby", "averageDemandQuantityKg": 35.74 }
      ]
    }
  },
  {
    "_id": "66f32f3a5f0a4c1a8e2a9c02",
    "monday-night": {
      "items": [
        { "itemId": "db63c0177cfae45a8385313a", "itemDisplayName": "Apple Fuji", "averageDemandQuantityKg": 42.18 },
        { "itemId": "6873f67b8027abff0fdb32f3", "itemDisplayName": "Banana Cavendish", "averageDemandQuantityKg": 46.02 },
        { "itemId": "bb87115ed0ab8a728b7d9622", "itemDisplayName": "Orange Navel", "averageDemandQuantityKg": 43.03 },
        { "itemId": "497bb3e65bf348533160cec0", "itemDisplayName": "Grapes Red Globe", "averageDemandQuantityKg": 55.38 },
        { "itemId": "30eb71d9a20cb517be34112f", "itemDisplayName": "Strawberry Albion", "averageDemandQuantityKg": 39.2 },
        { "itemId": "ad126949daa1c7dd61ffcc4c", "itemDisplayName": "Tomato Cherry", "averageDemandQuantityKg": 53.98 },
        { "itemId": "39bd70c4db17647c60d33c8f", "itemDisplayName": "Lettuce Romaine", "averageDemandQuantityKg": 42.1 },
        { "itemId": "fa56428339a4f47db7d15600", "itemDisplayName": "Cucumber Persian", "averageDemandQuantityKg": 41.45 },
        { "itemId": "885df3d97431436c3a205ff3", "itemDisplayName": "Carrot Nantes", "averageDemandQuantityKg": 62.51 },
        { "itemId": "f68140ef8273c40bbae48b98", "itemDisplayName": "Spinach Baby", "averageDemandQuantityKg": 54.97 }
      ]
    }
  },
  {
    "_id": "66f32f3a5f0a4c1a8e2a9c03",
    "tuesday-morning": {
      "items": [
        { "itemId": "db63c0177cfae45a8385313a", "itemDisplayName": "Apple Fuji", "averageDemandQuantityKg": 36.04 },
        { "itemId": "6873f67b8027abff0fdb32f3", "itemDisplayName": "Banana Cavendish", "averageDemandQuantityKg": 55.09 },
        { "itemId": "bb87115ed0ab8a728b7d9622", "itemDisplayName": "Orange Navel", "averageDemandQuantityKg": 30.38 },
        { "itemId": "497bb3e65bf348533160cec0", "itemDisplayName": "Grapes Red Globe", "averageDemandQuantityKg": 59.73 },
        { "itemId": "30eb71d9a20cb517be34112f", "itemDisplayName": "Strawberry Albion", "averageDemandQuantityKg": 40.73 },
        { "itemId": "ad126949daa1c7dd61ffcc4c", "itemDisplayName": "Tomato Cherry", "averageDemandQuantityKg": 40.33 },
        { "itemId": "39bd70c4db17647c60d33c8f", "itemDisplayName": "Lettuce Romaine", "averageDemandQuantityKg": 49.04 },
        { "itemId": "fa56428339a4f47db7d15600", "itemDisplayName": "Cucumber Persian", "averageDemandQuantityKg": 48.63 },
        { "itemId": "885df3d97431436c3a205ff3", "itemDisplayName": "Carrot Nantes", "averageDemandQuantityKg": 43.75 },
        { "itemId": "f68140ef8273c40bbae48b98", "itemDisplayName": "Spinach Baby", "averageDemandQuantityKg": 39.71 }
      ]
    }
  },
  {
    "_id": "66f32f3a5f0a4c1a8e2a9c04",
    "tuesday-afternoon": {
      "items": [
        { "itemId": "db63c0177cfae45a8385313a", "itemDisplayName": "Apple Fuji", "averageDemandQuantityKg": 33.49 },
        { "itemId": "6873f67b8027abff0fdb32f3", "itemDisplayName": "Banana Cavendish", "averageDemandQuantityKg": 36.56 },
        { "itemId": "bb87115ed0ab8a728b7d9622", "itemDisplayName": "Orange Navel", "averageDemandQuantityKg": 44.87 },
        { "itemId": "497bb3e65bf348533160cec0", "itemDisplayName": "Grapes Red Globe", "averageDemandQuantityKg": 62.05 },
        { "itemId": "30eb71d9a20cb517be34112f", "itemDisplayName": "Strawberry Albion", "averageDemandQuantityKg": 57.14 },
        { "itemId": "ad126949daa1c7dd61ffcc4c", "itemDisplayName": "Tomato Cherry", "averageDemandQuantityKg": 33.76 },
        { "itemId": "39bd70c4db17647c60d33c8f", "itemDisplayName": "Lettuce Romaine", "averageDemandQuantityKg": 49.75 },
        { "itemId": "fa56428339a4f47db7d15600", "itemDisplayName": "Cucumber Persian", "averageDemandQuantityKg": 34.76 },
        { "itemId": "885df3d97431436c3a205ff3", "itemDisplayName": "Carrot Nantes", "averageDemandQuantityKg": 36.42 },
        { "itemId": "f68140ef8273c40bbae48b98", "itemDisplayName": "Spinach Baby", "averageDemandQuantityKg": 38.6 }
      ]
    }
  }
]
