[
  {
    "_id": "db63c0177cfae45a8385313a",
    "avgQmPerUnit": 0.05,
    "avgWeightPerUnitGr": 180,
    "caloriesPer100g": 42,
    "category": "fruit",
    "customerInfo": [
      "Rich in vitamins and minerals",
      "Supports a healthy immune system"
    ],
    "farmerTips": "Harvest early in the morning for best shelf life.",
    "imageUrl": "https://upload.wikimedia.org/wikipedia/commons/thumb/6/67/Apfel-Fuji.jpg/1200px-Apfel-Fuji.jpg",
    "lastUpdated": "2025-07-15T10:03:54.618Z",
    "price": { "a": 2.5, "b": 2, "c": 1.5 },
    "pricePerUnitOverride": 0.45,
    "qualityStandards": {
      "acidityPercentage": { "A": "0.4-0.6%", "B": "0.3-0.39%", "C": "below 0.3%" },
      "brix": { "A": "13%+", "B": "11-12.9%", "C": "9-10.9%" },
      "colorDescription": { "A": "Bright coloration", "B": "Moderate coloration", "C": "Pale or uneven coloration" },
      "colorPercentage": { "A": "85-100%", "B": "60-84%", "C": "under 60%" },
      "diameterMM": { "A": "75mm+", "B": "65-74mm", "C": "under 65mm" },
      "maxDefectRatioLengthDiameter": { "A": "≤3%", "B": "≤5%", "C": "≤7%" },
      "pressure": { "A": "7.5 kg/cm²", "B": "6-7.4 kg/cm²", "C": "below 6 kg/cm²" },
      "qualityGrade": { "A": "Premium", "B": "Standard", "C": "Below Standard" },
      "rejectionRate": { "A": "≤2%", "B": "≤4%", "C": "≤6%" },
      "weightPerUnitG": { "A": "180g+", "B": "150-179g", "C": "under 150g" }
    },
    "sdWeightPerUnitGr": 20,
    "season": "November-February",
    "sellModes": { "byKg": true, "byUnit": true, "unitBundleSize": 1 },
    "tolerance": "0.02",
    "type": "Apple",
    "variety": "Fuji",
    "weightPerUnitG": 180
  },
  {
    "_id": "6873f67b8027abff0fdb32f3",
    "avgQmPerUnit": 0.01,
    "avgWeightPerUnitGr": 120,
    "caloriesPer100g": 62,
    "category": "fruit",
    "customerInfo": [
      "Rich in vitamins and minerals",
      "Supports a healthy immune system"
    ],
    "farmerTips": "Harvest early in the morning for best shelf life.",
    "imageUrl": "https://npr.brightspotcdn.com/dims4/default/654b07d/2147483647/strip/true/crop/930x720+0+0/resize/880x681!/quality/90/?url=http%3A%2F%2Fnpr-brightspot.s3.amazonaws.com%2Flegacy%2Fsites%2Fupr%2Ffiles%2F201903%2FBananas.jpg",
    "lastUpdated": "2025-07-15T10:03:54.618Z",
    "price": { "a": 3, "b": 2, "c": 1.5 },
    "pricePerUnitOverride": 0.36,
    "qualityStandards": {
      "acidityPercentage": { "A": "0.4-0.6%", "B": "0.3-0.39%", "C": "below 0.3%" },
      "brix": { "A": "13%+", "B": "11-12.9%", "C": "9-10.9%" },
      "colorDescription": { "A": "Bright coloration", "B": "Moderate coloration", "C": "Pale or uneven coloration" },
      "colorPercentage": { "A": "85-100%", "B": "60-84%", "C": "under 60%" },
      "diameterMM": { "A": "75mm+", "B": "65-74mm", "C": "under 65mm" },
      "maxDefectRatioLengthDiameter": { "A": "≤3%", "B": "≤5%", "C": "≤7%" },
      "pressure": { "A": "7.5 kg/cm²", "B": "6-7.4 kg/cm²", "C": "below 6 kg/cm²" },
      "qualityGrade": { "A": "Premium", "B": "Standard", "C": "Below Standard" },
      "rejectionRate": { "A": "≤2%", "B": "≤4%", "C": "≤6%" },
      "weightPerUnitG": { "A": "180g+", "B": "150-179g", "C": "under 150g" }
    },
    "sdWeightPerUnitGr": 15,
    "season": "July-October",
    "sellModes": { "byKg": true, "byUnit": true, "unitBundleSize": 1 },
    "tolerance": "0.02",
    "type": "Banana",
    "variety": "Cavendish",
    "weightPerUnitG": 120
  },
  {
    "_id": "bb87115ed0ab8a728b7d9622",
    "avgQmPerUnit": 0.07,
    "avgWeightPerUnitGr": 200,
    "caloriesPer100g": 50,
    "category": "fruit",
    "customerInfo": [
      "Rich in vitamins and minerals",
      "Supports a healthy immune system"
    ],
    "farmerTips": "Harvest early in the morning for best shelf life.",
    "imageUrl": "https://specialtyproduce.com/sppics/8521.png",
    "lastUpdated": "2025-07-15T10:03:54.619Z",
    "price": { "a": 5, "b": 3, "c": 2.5 },
    "pricePerUnitOverride": 1.0,
    "qualityStandards": {
      "acidityPercentage": { "A": "0.4-0.6%", "B": "0.3-0.39%", "C": "below 0.3%" },
      "brix": { "A": "13%+", "B": "11-12.9%", "C": "9-10.9%" },
      "colorDescription": { "A": "Bright coloration", "B": "Moderate coloration", "C": "Pale or uneven coloration" },
      "colorPercentage": { "A": "85-100%", "B": "60-84%", "C": "under 60%" },
      "diameterMM": { "A": "75mm+", "B": "65-74mm", "C": "under 65mm" },
      "maxDefectRatioLengthDiameter": { "A": "≤3%", "B": "≤5%", "C": "≤7%" },
      "pressure": { "A": "7.5 kg/cm²", "B": "6-7.4 kg/cm²", "C": "below 6 kg/cm²" },
      "qualityGrade": { "A": "Premium", "B": "Standard", "C": "Below Standard" },
      "rejectionRate": { "A": "≤2%", "B": "≤4%", "C": "≤6%" },
      "weightPerUnitG": { "A": "180g+", "B": "150-179g", "C": "under 150g" }
    },
    "sdWeightPerUnitGr": 25,
    "season": "July-October",
    "sellModes": { "byKg": true, "byUnit": true, "unitBundleSize": 1 },
    "tolerance": "0.02",
    "type": "Orange",
    "variety": "Navel",
    "weightPerUnitG": 200
  },
  {
    "_id": "497bb3e65bf348533160cec0",
    "avgQmPerUnit": 0.4,
    "avgWeightPerUnitGr": 5,
    "caloriesPer100g": 41,
    "category": "fruit",
    "customerInfo": [
      "Rich in vitamins and minerals",
      "Supports a healthy immune system"
    ],
    "farmerTips": "Harvest early in the morning for best shelf life.",
    "imageUrl": "https://www.shopfreshandgreen.com/cdn/shop/products/Grapes-min_728x.png?v=1743777076",
    "lastUpdated": "2025-07-15T10:03:54.619Z",
    "price": { "a": 3, "b": 2.5, "c": 1.7 },
    "pricePerUnitOverride": 0.02,
    "qualityStandards": {
      "acidityPercentage": { "A": "0.4-0.6%", "B": "0.3-0.39%", "C": "below 0.3%" },
      "brix": { "A": "13%+", "B": "11-12.9%", "C": "9-10.9%" },
      "colorDescription": { "A": "Bright coloration", "B": "Moderate coloration", "C": "Pale or uneven coloration" },
      "colorPercentage": { "A": "85-100%", "B": "60-84%", "C": "under 60%" },
      "diameterMM": { "A": "75mm+", "B": "65-74mm", "C": "under 65mm" },
      "maxDefectRatioLengthDiameter": { "A": "≤3%", "B": "≤5%", "C": "≤7%" },
      "pressure": { "A": "7.5 kg/cm²", "B": "6-7.4 kg/cm²", "C": "below 6 kg/cm²" },
      "qualityGrade": { "A": "Premium", "B": "Standard", "C": "Below Standard" },
      "rejectionRate": { "A": "≤2%", "B": "≤4%", "C": "≤6%" },
      "weightPerUnitG": { "A": "180g+", "B": "150-179g", "C": "under 150g" }
    },
    "sdWeightPerUnitGr": 1,
    "season": "March-June",
    "sellModes": { "byKg": true, "byUnit": true, "unitBundleSize": 1 },
    "tolerance": "0.02",
    "type": "Grapes",
    "variety": "Red Globe",
    "weightPerUnitG": 5
  },
  {
    "_id": "30eb71d9a20cb517be34112f",
    "avgQmPerUnit": 0.01,
    "avgWeightPerUnitGr": 500,
    "caloriesPer100g": 42,
    "category": "fruit",
    "customerInfo": [
      "Rich in vitamins and minerals",
      "Supports a healthy immune system"
    ],
    "farmerTips": "Harvest early in the morning for best shelf life.",
    "imageUrl": "https://www.gurneys.com/cdn/shop/files/02165A.webp?v=1729086167",
    "lastUpdated": "2025-07-15T10:03:54.618Z",
    "price": { "a": 20, "b": 17, "c": 16 },
    "pricePerUnitOverride": 10,
    "qualityStandards": {
      "acidityPercentage": { "A": "0.4-0.6%", "B": "0.3-0.39%", "C": "below 0.3%" },
      "brix": { "A": "13%+", "B": "11-12.9%", "C": "9-10.9%" },
      "colorDescription": { "A": "Bright coloration", "B": "Moderate coloration", "C": "Pale or uneven coloration" },
      "colorPercentage": { "A": "85-100%", "B": "60-84%", "C": "under 60%" },
      "diameterMM": { "A": "75mm+", "B": "65-74mm", "C": "under 65mm" },
      "maxDefectRatioLengthDiameter": { "A": "≤3%", "B": "≤5%", "C": "≤7%" },
      "pressure": { "A": "7.5 kg/cm²", "B": "6-7.4 kg/cm²", "C": "below 6 kg/cm²" },
      "qualityGrade": { "A": "Premium", "B": "Standard", "C": "Below Standard" },
      "rejectionRate": { "A": "≤2%", "B": "≤4%", "C": "≤6%" },
      "weightPerUnitG": { "A": "180g+", "B": "150-179g", "C": "under 150g" }
    },
    "sdWeightPerUnitGr": 4,
    "season": "March-June",
    "sellModes": { "byKg": false, "byUnit": true, "unitBundleSize": 1 },
    "tolerance": "0.02",
    "type": "Strawberry",
    "variety": "Albion",
    "weightPerUnitG": 500
  },
  {
    "_id": "ad126949daa1c7dd61ffcc4c",
    "avgQmPerUnit": 0.05,
    "avgWeightPerUnitGr": 1000,
    "caloriesPer100g": 68,
    "category": "vegetable",
    "customerInfo": [
      "Rich in vitamins and minerals",
      "Supports a healthy immune system"
    ],
    "farmerTips": "Harvest early in the morning for best shelf life.",
    "imageUrl": "https://www.simplyrecipes.com/thmb/3Y2Y-1oXoJv6pXvR7b0Fq4Z9m0g=/2000x1333/filters:fill(auto,1)/Simply-Recipes-Cherry-Tomatoes-LEAD-05-8b2a6f4f1f1e4e2a8b8b5f4e1e5f4c3e.jpg",
    "lastUpdated": "2025-07-15T10:03:54.619Z",
    "price": { "a": 2.5, "b": 2, "c": 1.5 },
    "pricePerUnitOverride": 2.5,
    "qualityStandards": {
      "acidityPercentage": { "A": "0.4-0.6%", "B": "0.3-0.39%", "C": "below 0.3%" },
      "brix": { "A": "13%+", "B": "11-12.9%", "C": "9-10.9%" },
      "colorDescription": { "A": "Bright coloration", "B": "Moderate coloration", "C": "Pale or uneven coloration" },
      "colorPercentage": { "A": "85-100%", "B": "60-84%", "C": "under 60%" },
      "diameterMM": { "A": "75mm+", "B": "65-74mm", "C": "under 65mm" },
      "maxDefectRatioLengthDiameter": { "A": "≤3%", "B": "≤5%", "C": "≤7%" },
      "pressure": { "A": "7.5 kg/cm²", "B": "6-7.4 kg/cm²", "C": "below 6 kg/cm²" },
      "qualityGrade": { "A": "Premium", "B": "Standard", "C": "Below Standard" },
      "rejectionRate": { "A": "≤2%", "B": "≤4%", "C": "≤6%" },
      "weightPerUnitG": { "A": "180g+", "B": "150-179g", "C": "under 150g" }
    },
    "sdWeightPerUnitGr": 3,
    "season": "November-February",
    "sellModes": { "byKg": true, "byUnit": true, "unitBundleSize": 1 },
    "tolerance": "0.02",
    "type": "Tomato",
    "variety": "Cherry",
    "weightPerUnitG": 1000
  },
  {
    "_id": "39bd70c4db17647c60d33c8f",
    "avgQmPerUnit": 0.2,
    "avgWeightPerUnitGr": 600,
    "caloriesPer100g": 47,
    "category": "vegetable",
    "customerInfo": [
      "Rich in vitamins and minerals",
      "Supports a healthy immune system"
    ],
    "farmerTips": "Harvest early in the morning for best shelf life.",
    "imageUrl": "https://draxe.com/wp-content/uploads/2015/02/RomaineLettuceNutritionThumbnail.jpg",
    "lastUpdated": "2025-07-15T10:03:54.619Z",
    "price": { "a": 7, "b": 6, "c": 5.5 },
    "pricePerUnitOverride": 4.2,
    "qualityStandards": {
      "acidityPercentage": { "A": "0.4-0.6%", "B": "0.3-0.39%", "C": "below 0.3%" },
      "brix": { "A": "13%+", "B": "11-12.9%", "C": "9-10.9%" },
      "colorDescription": { "A": "Bright coloration", "B": "Moderate coloration", "C": "Pale or uneven coloration" },
      "colorPercentage": { "A": "85-100%", "B": "60-84%", "C": "under 60%" },
      "diameterMM": { "A": "75mm+", "B": "65-74mm", "C": "under 65mm" },
      "maxDefectRatioLengthDiameter": { "A": "≤3%", "B": "≤5%", "C": "≤7%" },
      "pressure": { "A": "7.5 kg/cm²", "B": "6-7.4 kg/cm²", "C": "below 6 kg/cm²" },
      "qualityGrade": { "A": "Premium", "B": "Standard", "C": "Below Standard" },
      "rejectionRate": { "A": "≤2%", "B": "≤4%", "C": "≤6%" },
      "weightPerUnitG": { "A": "180g+", "B": "150-179g", "C": "under 150g" }
    },
    "sdWeightPerUnitGr": 80,
    "season": "November-February",
    "sellModes": { "byKg": true, "byUnit": true, "unitBundleSize": 1 },
    "tolerance": "0.02",
    "type": "Lettuce",
    "variety": "Romaine",
    "weightPerUnitG": 600
  },
  {
    "_id": "fa56428339a4f47db7d15600",
    "avgQmPerUnit": 0.04,
    "avgWeightPerUnitGr": 50,
    "caloriesPer100g": 15,
    "category": "vegetable",
    "customerInfo": [
      "Rich in vitamins and minerals",
      "Supports a healthy immune system"
    ],
    "farmerTips": "Harvest early in the morning for best shelf life.",
    "imageUrl": "https://d3awvtnmmsvyot.cloudfront.net/api/file/xEDVluyRB0wOXtvkCZ6w/convert?fit=max&w=570&cache=true",
    "lastUpdated": "2025-07-15T10:03:54.619Z",
    "price": { "a": 3.5, "b": 3, "c": 2.5 },
    "pricePerUnitOverride": 0.18,
    "qualityStandards": {
      "acidityPercentage": { "A": "0.4-0.6%", "B": "0.3-0.39%", "C": "below 0.3%" },
      "brix": { "A": "13%+", "B": "11-12.9%", "C": "9-10.9%" },
      "colorDescription": { "A": "Bright coloration", "B": "Moderate coloration", "C": "Pale or uneven coloration" },
      "colorPercentage": { "A": "85-100%", "B": "60-84%", "C": "under 60%" },
      "diameterMM": { "A": "75mm+", "B": "65-74mm", "C": "under 65mm" },
      "maxDefectRatioLengthDiameter": { "A": "≤3%", "B": "≤5%", "C": "≤7%" },
      "pressure": { "A": "7.5 kg/cm²", "B": "6-7.4 kg/cm²", "C": "below 6 kg/cm²" },
      "qualityGrade": { "A": "Premium", "B": "Standard", "C": "Below Standard" },
      "rejectionRate": { "A": "≤2%", "B": "≤4%", "C": "≤6%" },
      "weightPerUnitG": { "A": "180g+", "B": "150-179g", "C": "under 150g" }
    },
    "sdWeightPerUnitGr": 8,
    "season": "November-February",
    "sellModes": { "byKg": true, "byUnit": true, "unitBundleSize": 1 },
    "tolerance": "0.02",
    "type": "Cucumber",
    "variety": "Persian",
    "weightPerUnitG": 50
  },
  {
    "_id": "885df3d97431436c3a205ff3",
    "avgQmPerUnit": 0.04,
    "avgWeightPerUnitGr": 70,
    "caloriesPer100g": 62,
    "category": "vegetable",
    "customerInfo": [
      "Rich in vitamins and minerals",
      "Supports a healthy immune system"
    ],
    "farmerTips": "Harvest early in the morning for best shelf life.",
    "imageUrl": "https://vasilisgarden.com/cdn/shop/files/Carrot_Nantes-1.jpg?v=1731034608",
    "lastUpdated": "2025-07-15T10:03:54.619Z",
    "price": { "a": 2.5, "b": 2, "c": 1.5 },
    "pricePerUnitOverride": 0.18,
    "qualityStandards": {
      "acidityPercentage": { "A": "0.4-0.6%", "B": "0.3-0.39%", "C": "below 0.3%" },
      "brix": { "A": "13%+", "B": "11-12.9%", "C": "9-10.9%" },
      "colorDescription": { "A": "Bright coloration", "B": "Moderate coloration", "C": "Pale or uneven coloration" },
      "colorPercentage": { "A": "85-100%", "B": "60-84%", "C": "under 60%" },
      "diameterMM": { "A": "75mm+", "B": "65-74mm", "C": "under 65mm" },
      "maxDefectRatioLengthDiameter": { "A": "≤3%", "B": "≤5%", "C": "≤7%" },
      "pressure": { "A": "7.5 kg/cm²", "B": "6-7.4 kg/cm²", "C": "below 6 kg/cm²" },
      "qualityGrade": { "A": "Premium", "B": "Standard", "C": "Below Standard" },
      "rejectionRate": { "A": "≤2%", "B": "≤4%", "C": "≤6%" },
      "weightPerUnitG": { "A": "180g+", "B": "150-179g", "C": "under 150g" }
    },
    "sdWeightPerUnitGr": 10,
    "season": "July-October",
    "sellModes": { "byKg": true, "byUnit": true, "unitBundleSize": 1 },
    "tolerance": "0.02",
    "type": "Carrot",
    "variety": "Nantes",
    "weightPerUnitG": 70
  },
  {
    "_id": "f68140ef8273c40bbae48b98",
    "avgQmPerUnit": 0.2,
    "avgWeightPerUnitGr": 500,
    "caloriesPer100g": 62,
    "category": "vegetable",
    "customerInfo": [
      "Rich in vitamins and minerals",
      "Supports a healthy immune system"
    ],
    "farmerTips": "Harvest early in the morning for best shelf life.",
    "imageUrl": "https://www.kerrysfresh.co.uk/wp-content/uploads/2016/08/Babyleaf-Spinach.jpg",
    "lastUpdated": "2025-07-15T10:03:54.619Z",
    "price": { "a": 2.5, "b": 2, "c": 1.5 },
    "pricePerUnitOverride": 1.25,
    "qualityStandards": {
      "acidityPercentage": { "A": "0.4-0.6%", "B": "0.3-0.39%", "C": "below 0.3%" },
      "brix": { "A": "13%+", "B": "11-12.9%", "C": "9-10.9%" },
      "colorDescription": { "A": "Bright coloration", "B": "Moderate coloration", "C": "Pale or uneven coloration" },
      "colorPercentage": { "A": "85-100%", "B": "60-84%", "C": "under 60%" },
      "diameterMM": { "A": "75mm+", "B": "65-74mm", "C": "under 65mm" },
      "maxDefectRatioLengthDiameter": { "A": "≤3%", "B": "≤5%", "C": "≤7%" },
      "pressure": { "A": "7.5 kg/cm²", "B": "6-7.4 kg/cm²", "C": "below 6 kg/cm²" },
      "qualityGrade": { "A": "Premium", "B": "Standard", "C": "Below Standard" },
      "rejectionRate": { "A": "≤2%", "B": "≤4%", "C": "≤6%" },
      "weightPerUnitG": { "A": "180g+", "B": "150-179g", "C": "under 150g" }
    },
    "sdWeightPerUnitGr": 0.5,
    "season": "July-October",
    "sellModes": { "byKg": false, "byUnit": true, "unitBundleSize": 1 },
    "tolerance": "0.02",
    "type": "Spinach",
    "variety": "Baby",
    "weightPerUnitG": 500
  },
  {
    "_id": "64f1e2c3a5b6c7d8e9f0a1b2",
    "category": "egg_dairy",
    "type": "Eggs",
    "variety": "Free Range M (12 pack)",
    "imageUrl": "https://www.fruit4london.co.uk/cdn/shop/products/Free-Range-Eggs-12.jpg?v=1683266341&width=1214",
    "season": "all year",
    "farmerTips": "Keep refrigerated at 4°C or below.",
    "customerInfo": [
      "Pasture-raised, Grade A",
      "12-pack, recyclable carton",
      "Rich in omega-3 fatty acids"
    ],
    "caloriesPer100g": 155,
    "price": { "a": 5, "b": 5, "c": 5 },
    "pricePerUnitOverride": 5,
    "sellModes": { "byKg": false, "byUnit": true, "unitBundleSize": 12 },
    "avgWeightPerUnitGr": 60,
    "sdWeightPerUnitGr": 6,
    "avgQmPerUnit": null,
    "weightPerUnitG": 720,
    "qualityStandards": {},
    "tolerance": "0.02",
    "lastUpdated": "2025-07-15T10:03:54.619Z"
  }
]
