[
  {
    "_id": "66f2aa00000000000000abc1",
    "items": [
      {
        "itemId": "30eb71d9a20cb517be34112f",
        "type": "Strawberry",
        "variety": "Albion",
        "category": "fruit",
        "packing": {
          "bulkDensityKgPerL": 0.247,
          "litersPerKg": 4.049,
          "fragility": "fragile",
          "allowMixing": true,
          "requiresVentedBox": true,
          "minBoxType": "Small",
          "maxWeightPerBoxKg": 2,
          "notes": "1 lb clamshell ≈ 1.84 L; ideal top-vented small boxes to reduce compression."
        }
      },
      {
        "itemId": "ad126949daa1c7dd61ffcc4c",
        "type": "Tomato",
        "variety": "Cherry",
        "category": "vegetable",
        "packing": {
          "bulkDensityKgPerL": 0.637,
          "litersPerKg": 1.57,
          "fragility": "fragile",
          "allowMixing": true,
          "requiresVentedBox": true,
          "minBoxType": "Small",
          "maxWeightPerBoxKg": 3,
          "notes": "Based on 12×1-pint clamshell case ≈ 7.97 lb total."
        }
      },
      {
        "itemId": "39bd70c4db17647c60d33c8f",
        "type": "Lettuce",
        "variety": "Romaine",
        "category": "vegetable",
        "packing": {
          "bulkDensityKgPerL": 0.25,
          "litersPerKg": 4,
          "fragility": "very_fragile",
          "allowMixing": true,
          "requiresVentedBox": true,
          "minBoxType": "Small",
          "maxWeightPerBoxKg": 4,
          "notes": "Leafy-greens proxy (bushel 18–20 lb) used to estimate romaine volume; avoid overfill."
        }
      },
      {
        "itemId": "fa56428339a4f47db7d15600",
        "type": "Cucumber",
        "variety": "Persian",
        "category": "vegetable",
        "packing": {
          "bulkDensityKgPerL": 0.63,
          "litersPerKg": 1.587,
          "fragility": "normal",
          "allowMixing": true,
          "requiresVentedBox": false,
          "minBoxType": "Small",
          "notes": "Based on 48–50 lb per bushel."
        }
      },
      {
        "itemId": "885df3d97431436c3a205ff3",
        "type": "Carrot",
        "variety": "Nantes",
        "category": "vegetable",
        "packing": {
          "bulkDensityKgPerL": 0.644,
          "litersPerKg": 1.553,
          "fragility": "sturdy",
          "allowMixing": true,
          "requiresVentedBox": false,
          "minBoxType": "Small",
          "notes": "Based on 50 lb per bushel (topped)."
        }
      },
      {
        "itemId": "f68140ef8273c40bbae48b98",
        "type": "Spinach",
        "variety": "Baby",
        "category": "vegetable",
        "packing": {
          "bulkDensityKgPerL": 0.09,
          "litersPerKg": 11.111,
          "fragility": "very_fragile",
          "allowMixing": true,
          "requiresVentedBox": true,
          "minBoxType": "Small",
          "maxWeightPerBoxKg": 2,
          "notes": "4 lb foodservice case ≈ 0.71 ft³; extremely airy—watch compression."
        }
      },
      {
        "itemId": "db63c0177cfae45a8385313a",
        "type": "Apple",
        "variety": "Fuji",
        "category": "fruit",
        "packing": {
          "bulkDensityKgPerL": 0.618,
          "litersPerKg": 1.618,
          "fragility": "normal",
          "allowMixing": true,
          "requiresVentedBox": false,
          "minBoxType": "Small",
          "notes": "Based on 48 lb per bushel."
        }
      },
      {
        "itemId": "6873f67b8027abff0fdb32f3",
        "type": "Banana",
        "variety": "Cavendish",
        "category": "fruit",
        "packing": {
          "bulkDensityKgPerL": 0.346,
          "litersPerKg": 2.89,
          "fragility": "normal",
          "allowMixing": true,
          "requiresVentedBox": false,
          "minBoxType": "Small",
          "notes": "Std. banana box ≈ 52 L holds ~18 kg."
        }
      },
      {
        "itemId": "bb87115ed0ab8a728b7d9622",
        "type": "Orange",
        "variety": "Navel",
        "category": "fruit",
        "packing": {
          "bulkDensityKgPerL": 0.62,
          "litersPerKg": 1.613,
          "fragility": "normal",
          "allowMixing": true,
          "requiresVentedBox": false,
          "minBoxType": "Small",
          "notes": "Within 46–50 lb/bushel range; conservative average."
        }
      },
      {
        "itemId": "497bb3e65bf348533160cec0",
        "type": "Grape",
        "variety": "Red Globe",
        "category": "fruit",
        "packing": {
          "bulkDensityKgPerL": 0.6,
          "litersPerKg": 1.667,
          "fragility": "fragile",
          "allowMixing": true,
          "requiresVentedBox": true,
          "minBoxType": "Small",
          "maxWeightPerBoxKg": 4,
          "notes": "Midpoint of literature range; avoid stacking pressure."
        }
      }
    ],
    "units": {
      "notes": "All densities are net produce (no packaging). Volumetric calc: litersNeeded = kg / bulkDensityKgPerL."
    }
  }
]
