[
  {
    "_id": "66e007000000000000000001",
    "logisticName": "Zarzir Logistics Center",
    "location": {
      "name": "Zarzir",
      "geo": { "type": "Point", "coordinates": [35.218805, 32.733459] }
    },
    "employeeIds": [],
    "deliveryHistory": [
      { "message": "Opened hub" }
    ]
  },
  {
    "_id": "66e007000000000000000002",
    "logisticName": "Jerusalem Logistics Center",
    "location": { "name": "Jerusalem" },
    "employeeIds": [],
    "deliveryHistory": []
  },
  {
    "_id": "66e007000000000000000003",
    "logisticName": "Haifa Logistics Center",
    "location": { "name": "Haifa" },
    "employeeIds": [],
    "deliveryHistory": []
  }
]
