[
  {
    "_id": "66e007000000000000000001",
    "logisticName": "Zarzir Logistics Center",
    "locationObj": {
      "name": "Zarzir",
      "geo": { "type": "Point", "coordinates": [32.733459, 35.218805] }
    },
    "employeeIds": [],
    "deliveryHistory": ["Opened hub"]
  },
  {
    "_id": "66e007000000000000000002",
    "logisticName": "Jerusalem Logistics Center",
    "locationObj": {
      "name": "Jerusalem"
    },
    "employeeIds": [],
    "deliveryHistory": []
  },
  {
    "_id": "66e007000000000000000003",
    "logisticName": "Haifa Logistics Center",
    "locationObj": {
      "name": "Haifa"
    },
    "employeeIds": [],
    "deliveryHistory": []
  }
]
