[
  {
    "_id": "66f3b0000000000000000001",
    "name": "Small",
    "key": "Small",
    "innerDimsCm": { "l": 20, "w": 20, "h": 20 },
    "headroomPct": 0.15,
    "maxSkusPerBox": 2,
    "maxWeightKg": 6,
    "mixingAllowed": true,
    "tareWeightKg": 0.25,
    "usableLiters": 68,
    "vented": false,
    "values": { "Length (cm)": 20, "Width (cm)": 20, "Height (cm)": 20, "HeadroomPct": 0.15, "Max Kg": 6 }
  },
  {
    "_id": "66f3b0000000000000000002",
    "name": "Small (Vented)",
    "key": "Small",
    "innerDimsCm": { "l": 20, "w": 20, "h": 20 },
    "headroomPct": 0.15,
    "maxSkusPerBox": 2,
    "maxWeightKg": 6,
    "mixingAllowed": true,
    "tareWeightKg": 0.25,
    "usableLiters": 68,
    "vented": true,
    "values": { "Length (cm)": 20, "Width (cm)": 20, "Height (cm)": 20, "HeadroomPct": 0.15, "Max Kg": 6 }
  },
  {
    "_id": "66f3b0000000000000000003",
    "name": "Medium",
    "key": "Medium",
    "innerDimsCm": { "l": 30, "w": 30, "h": 30 },
    "headroomPct": 0.15,
    "maxSkusPerBox": 2,
    "maxWeightKg": 12,
    "mixingAllowed": true,
    "tareWeightKg": 0.35,
    "usableLiters": 229.5,
    "vented": false,
    "values": { "Length (cm)": 30, "Width (cm)": 30, "Height (cm)": 30, "HeadroomPct": 0.15, "Max Kg": 12 }
  },
  {
    "_id": "66f3b0000000000000000004",
    "name": "Medium (Vented)",
    "key": "Medium",
    "innerDimsCm": { "l": 30, "w": 30, "h": 30 },
    "headroomPct": 0.15,
    "maxSkusPerBox": 2,
    "maxWeightKg": 12,
    "mixingAllowed": true,
    "tareWeightKg": 0.35,
    "usableLiters": 229.5,
    "vented": true,
    "values": { "Length (cm)": 30, "Width (cm)": 30, "Height (cm)": 30, "HeadroomPct": 0.15, "Max Kg": 12 }
  },
  {
    "_id": "66f3b0000000000000000005",
    "name": "Large",
    "key": "Large",
    "innerDimsCm": { "l": 60, "w": 60, "h": 60 },
    "headroomPct": 0.15,
    "maxSkusPerBox": 3,
    "maxWeightKg": 25,
    "mixingAllowed": true,
    "tareWeightKg": 0.7,
    "usableLiters": 183.6,
    "vented": false,
    "values": { "Length (cm)": 60, "Width (cm)": 60, "Height (cm)": 60, "HeadroomPct": 0.15, "Max Kg": 25 }
  },
  {
    "_id": "66f3b0000000000000000006",
    "name": "Large (Vented)",
    "key": "Large",
    "innerDimsCm": { "l": 60, "w": 60, "h": 60 },
    "headroomPct": 0.15,
    "maxSkusPerBox": 3,
    "maxWeightKg": 25,
    "mixingAllowed": true,
    "tareWeightKg": 0.7,
    "usableLiters": 183.6,
    "vented": true,
    "values": { "Length (cm)": 60, "Width (cm)": 60, "Height (cm)": 60, "HeadroomPct": 0.15, "Max Kg": 25 }
  }
]
