[
  {
    "_id": "66e0070000000000000aaa00",
    "logisticCenterId": "66e007000000000000000001",
    "shelfId": "A1",
    "type": "warehouse",
    "zone": "A",
    "aisle": "1",
    "level": "top",
    "row": 1,
    "col": 1,
    "canvasX": 0,
    "canvasY": 0,
    "maxSlots": 3,
    "maxWeightKg": 180,
    "slots": [
      {
        "slotId": "1",
        "capacityKg": 60,
        "currentWeightKg": 0,
        "containerOpsId": null,
        "occupiedAt": null,
        "emptiedAt": null,
        "liveActiveTasks": 0,
        "lastTaskPingAt": null
      },
      {
        "slotId": "2",
        "capacityKg": 60,
        "currentWeightKg": 0,
        "containerOpsId": null,
        "occupiedAt": null,
        "emptiedAt": null,
        "liveActiveTasks": 0,
        "lastTaskPingAt": null
      },
      {
        "slotId": "3",
        "capacityKg": 60,
        "currentWeightKg": 20,
        "containerOpsId": "66f2bb0000000000000000a2",
        "occupiedAt": "2025-10-14T09:35:00.000Z",
        "emptiedAt": null,
        "liveActiveTasks": 0,
        "lastTaskPingAt": null
      }
    ],
    "currentWeightKg": 20,
    "occupiedSlots": 1,
    "liveActiveTasks": 0,
    "lastTaskPingAt": null,
    "busyScore": 0,
    "isTemporarilyAvoid": false,
    "createdAt": "2025-10-14T09:30:00.000Z",
    "updatedAt": "2025-10-14T09:35:00.000Z"
  },

  {
    "_id": "66e0070000000000000aaa01",
    "logisticCenterId": "66e007000000000000000001",
    "shelfId": "A2",
    "type": "picker",
    "zone": "A",
    "aisle": "1",
    "level": "mid",
    "row": 1,
    "col": 2,
    "canvasX": 0,
    "canvasY": 12,
    "maxSlots": 3,
    "maxWeightKg": 180,
    "slots": [
      {
        "slotId": "1",
        "capacityKg": 60,
        "currentWeightKg": 60,
        "containerOpsId": "66f2bb0000000000000000a3",
        "occupiedAt": "2025-10-14T09:45:00.000Z",
        "emptiedAt": null,
        "liveActiveTasks": 0,
        "lastTaskPingAt": null
      },
      {
        "slotId": "2",
        "capacityKg": 60,
        "currentWeightKg": 0,
        "containerOpsId": null,
        "occupiedAt": null,
        "emptiedAt": null,
        "liveActiveTasks": 0,
        "lastTaskPingAt": null
      },
      {
        "slotId": "3",
        "capacityKg": 60,
        "currentWeightKg": 0,
        "containerOpsId": null,
        "occupiedAt": null,
        "emptiedAt": null,
        "liveActiveTasks": 0,
        "lastTaskPingAt": null
      }
    ],
    "currentWeightKg": 60,
    "occupiedSlots": 1,
    "liveActiveTasks": 0,
    "lastTaskPingAt": null,
    "busyScore": 0,
    "isTemporarilyAvoid": false,
    "createdAt": "2025-10-14T09:30:00.000Z",
    "updatedAt": "2025-10-14T09:45:00.000Z"
  },

  {
    "_id": "66e0070000000000000aaa02",
    "logisticCenterId": "66e007000000000000000001",
    "shelfId": "A3",
    "type": "picker",
    "zone": "A",
    "aisle": "1",
    "level": "bottom",
    "row": 1,
    "col": 3,
    "canvasX": 23,
    "canvasY": 12,
    "maxSlots": 3,
    "maxWeightKg": 180,
    "slots": [
      {
        "slotId": "1",
        "capacityKg": 60,
        "currentWeightKg": 0,
        "containerOpsId": null,
        "occupiedAt": null,
        "emptiedAt": null,
        "liveActiveTasks": 0,
        "lastTaskPingAt": null
      },
      {
        "slotId": "2",
        "capacityKg": 60,
        "currentWeightKg": 0,
        "containerOpsId": null,
        "occupiedAt": null,
        "emptiedAt": null,
        "liveActiveTasks": 0,
        "lastTaskPingAt": null
      },
      {
        "slotId": "3",
        "capacityKg": 60,
        "currentWeightKg": 0,
        "containerOpsId": null,
        "occupiedAt": null,
        "emptiedAt": null,
        "liveActiveTasks": 0,
        "lastTaskPingAt": null
      }
    ],
    "currentWeightKg": 0,
    "occupiedSlots": 0,
    "liveActiveTasks": 0,
    "lastTaskPingAt": null,
    "busyScore": 0,
    "isTemporarilyAvoid": false,
    "createdAt": "2025-10-14T09:30:00.000Z",
    "updatedAt": "2025-10-14T09:30:00.000Z"
  }
]
