[
  {
    "_id": "66f3310a5f0a4c1a8e2a9d01",
    "logisticCenterId": "LC-1",
    "name": "morning",
    "timezone": "Asia/Jerusalem",
    "generalStartMin": 60,
    "generalEndMin": 420,
    "industrialDelivererStartMin": 60,
    "industrialDelivererEndMin": 180,
    "delivererStartMin": 330,
    "delivererEndMin": 420,
    "deliveryTimeSlotStartMin": 360,
    "deliveryTimeSlotEndMin": 420,
    "slotSizeMin": 30
  },
  {
    "_id": "66f3310a5f0a4c1a8e2a9d02",
    "logisticCenterId": "LC-1",
    "name": "afternoon",
    "timezone": "Asia/Jerusalem",
    "generalStartMin": 420,
    "generalEndMin": 780,
    "industrialDelivererStartMin": 420,
    "industrialDelivererEndMin": 540,
    "delivererStartMin": 690,
    "delivererEndMin": 780,
    "deliveryTimeSlotStartMin": 720,
    "deliveryTimeSlotEndMin": 780,
    "slotSizeMin": 30
  },
  {
    "_id": "66f3310a5f0a4c1a8e2a9d03",
    "logisticCenterId": "LC-1",
    "name": "evening",
    "timezone": "Asia/Jerusalem",
    "generalStartMin": 780,
    "generalEndMin": 1140,
    "industrialDelivererStartMin": 780,
    "industrialDelivererEndMin": 900,
    "delivererStartMin": 1050,
    "delivererEndMin": 1140,
    "deliveryTimeSlotStartMin": 1080,
    "deliveryTimeSlotEndMin": 1140,
    "slotSizeMin": 30
  },
  {
    "_id": "66f3310a5f0a4c1a8e2a9d04",
    "logisticCenterId": "LC-1",
    "name": "night",
    "timezone": "Asia/Jerusalem",
    "generalStartMin": 1140,
    "generalEndMin": 60,
    "industrialDelivererStartMin": 1140,
    "industrialDelivererEndMin": 180,
    "delivererStartMin": 1410,
    "delivererEndMin": 60,
    "deliveryTimeSlotStartMin": 0,
    "deliveryTimeSlotEndMin": 60,
    "slotSizeMin": 30
  }
]
