[
  {
    "logisticCenterId": "66e007000000000000000001",
    "pixelsPerMeter": 32,
    "zones": [
      {
        "id": "A",
        "x": 0,
        "y": 0,
        "width": 55,
        "height": 12,
        "grid": { "rows": 3, "cols": 3, "showRowIndex": true, "showColIndex": true, "colLabels": "numbers", "titleSize": 30 }
      },
      {
        "id": "B",
        "x": 0,
        "y": 12,
        "width": 18,
        "height": 20,
        "grid": { "rows": 4, "cols": 3, "showRowIndex": true, "showColIndex": true, "colLabels": "numbers", "titleSize": 28 }
      },
      {
        "id": "C",
        "x": 23,
        "y": 12,
        "width": 25,
        "height": 20,
        "grid": { "rows": 4, "cols": 9, "showRowIndex": true, "showColIndex": true, "colLabels": "numbers", "titleSize": 28 }
      }
    ],
    "createdAt": "2025-10-14T09:45:00.000Z",
    "updatedAt": "2025-10-14T09:45:00.000Z"
  }
]
